<?xml version="1.0" encoding="UTF-8" ?>
<!DOCTYPE mapper
        PUBLIC "-//mybatis.org//DTD Mapper 3.0//EN"
        "http://mybatis.org/dtd/mybatis-3-mapper.dtd">

<mapper namespace="ca.ucalgary.seng300.dao.mapper.BookingMapper">

    <resultMap id="BookingMap" type="Booking">
        <result property="bookingId" column="booking_id"/>
        <result property="roomNumber" column="room_number"/>
        <result property="bookingDate" column="booking_date"/>
        <result property="checkinDate" column="checkin_date"/>
        <result property="checkoutDate" column="checkout_date"/>
        <result property="phoneNumber" column="phone_number"/>
        <result property="clientName" column="name"/>
        <result property="email" column="email"/>
    </resultMap>

    <insert id="bookingARoom" parameterType="Booking">
        insert ignore into group2_hotel.booking (booking_id, room_number,
                                                 booking_date, checkin_date,
                                                 checkout_date, phone_number,
                                                 name, email)
        values (#{bookingId}, #{roomNumber}, #{bookingDatetime},
                #{checkinDate}, #{checkoutDate}, #{phoneNumber},
                #{clientName}, #{email});
    </insert>

</mapper>