<beans xmlns="http://www.springframework.org/schema/beans"
       xmlns:xsi="http://www.w3.org/2001/XMLSchema-instance"
       xmlns:context="http://www.springframework.org/schema/context"
       xsi:schemaLocation="http://www.springframework.org/schema/beans
       http://www.springframework.org/schema/beans/spring-beans.xsd
       http://www.springframework.org/schema/context http://www.springframework.org/schema/context/spring-context.xsd">

    <!--DataSource:使用Spring的数据源替换Mybatis的配置-->
    <bean id="dataSource" class="org.springframework.jdbc.datasource.DriverManagerDataSource">
        <property name="driverClassName" value="com.mysql.cj.jdbc.Driver"/>
        <property name="url" value="jdbc:mysql://localhost:3306/group2_hotel?useSSL=false&amp;useUnicode=true&amp;characterEncoding=utf8&amp;characterSetResults=utf8&amp;serverTimezone=America/Edmonton"/>
        <property name="username" value="root"/>
        <property name="password" value=""/>
    </bean>

    <bean id="sqlSessionFactory" class="org.mybatis.spring.SqlSessionFactoryBean">
        <property name="dataSource" ref="dataSource"/>
        <!--绑定MyBatis配置文件-->
        <property name="configLocation" value="classpath:mybatis-config.xml"/>
        <property name="mapperLocations" value="classpath:ca/ucalgary/seng300/mapper/*.xml"/>
    </bean>

    <bean id="sqlSession" class="org.mybatis.spring.SqlSessionTemplate">
        <!--只能使用构造器植入sqlSessionFactory,因为他没有set方法-->
        <constructor-arg index="0" ref="sqlSessionFactory"/>
    </bean>

</beans>